{
    "matrix": [
        [
            914.3564791060563,
            0.0,
            613.245652825162
        ],
        [
            0.0,
            914.0829077441166,
            381.63190381632705
        ],
        [
            0.0,
            0.0,
            1.0
        ]
    ],
    "disto": [
        [
            0.04479701480836441,
            -0.06460524259891966,
            -0.00031107564078078115,
            -0.000345944675563813,
            0.0030206809614152594
        ]
    ],
    "rotvec": [
        [
            [
                -0.002776475497361541
            ],
            [
                -0.29286296202660944
            ],
            [
                -0.018514728338666856
            ]
        ],
        [
            [
                0.06623371531089532
            ],
            [
                -0.44065298814415294
            ],
            [
                0.040014177396958214
            ]
        ],
        [
            [
                0.04278098237000148
            ],
            [
                -0.3635938251094044
            ],
            [
                -0.0014654310535921649
            ]
        ],
        [
            [
                -0.012402554305011741
            ],
            [
                -0.35259386717776126
            ],
            [
                -0.0332758146929272
            ]
        ],
        [
            [
                -0.2733256651102028
            ],
            [
                -0.23216715801502438
            ],
            [
                1.5294198556258316
            ]
        ],
        [
            [
                -0.06375353603471293
            ],
            [
                -0.02514457884312623
            ],
            [
                1.5053559984726428
            ]
        ],
        [
            [
                -0.012100634766675786
            ],
            [
                -0.002979434391165271
            ],
            [
                1.5487267725720273
            ]
        ],
        [
            [
                -0.008594181856521752
            ],
            [
                0.11644101752425043
            ],
            [
                1.5055414840363666
            ]
        ],
        [
            [
                0.08130263891343
            ],
            [
                0.18895195769720285
            ],
            [
                1.5701554925822059
            ]
        ],
        [
            [
                -0.5983174598689248
            ],
            [
                0.2554193144654127
            ],
            [
                0.027486010429643454
            ]
        ],
        [
            [
                -0.05302517596728364
            ],
            [
                0.24410292699020672
            ],
            [
                1.5512425028387051
            ]
        ],
        [
            [
                -0.3474501733960989
            ],
            [
                -0.025739097651403423
            ],
            [
                -1.538045435840005
            ]
        ],
        [
            [
                -0.19776930530288037
            ],
            [
                0.17524783888519904
            ],
            [
                0.059446387505721246
            ]
        ],
        [
            [
                -0.040462138993739204
            ],
            [
                0.2928659851390996
            ],
            [
                1.52524637063687
            ]
        ],
        [
            [
                -0.5772269283334378
            ],
            [
                0.6979932413633884
            ],
            [
                1.3921855551984161
            ]
        ],
        [
            [
                0.41843256384108646
            ],
            [
                0.8389206769483494
            ],
            [
                1.4384817777442904
            ]
        ],
        [
            [
                -0.11644759029741979
            ],
            [
                -0.6164402002099528
            ],
            [
                -0.15067814838219518
            ]
        ],
        [
            [
                -0.034688324002222784
            ],
            [
                -1.1512066341156584
            ],
            [
                -0.08391000986435801
            ]
        ],
        [
            [
                0.1073445892298705
            ],
            [
                -0.5156387179976902
            ],
            [
                1.5179711078822218
            ]
        ],
        [
            [
                -0.4496513506862779
            ],
            [
                0.5691622281419355
            ],
            [
                1.4179610193937355
            ]
        ]
    ],