{
    "matrix": [
        [
            1196.287096023766,
            0.0,
            569.1945342739938
        ],
        [
            0.0,
            1213.265970473631,
            440.48097250798975
        ],
        [
            0.0,
            0.0,
            1.0
        ]
    ],
    "disto": [
        [
            0.11206115983010831,
            -1.38855608847551,
            0.01701740517868005,
            -0.0014178702105149027,
            1.9839772973775123
        ]
    ],
    "rotvec": [
        [
            [
                0.009901342154174143
            ],
            [
                -0.35417076494080996
            ],
            [
                0.573048725275327
            ]
        ],
        [
            [
                0.20398985985959378
            ],
            [
                -0.2849098900656965
            ],
            [
                1.4353367279072242
            ]
        ],
        [
            [
                0.5285301021890378
            ],
            [
                -0.01185053798724052
            ],
            [
                0.9446296240526357
            ]
        ],
        [
            [
                0.7691643707589129
            ],
            [
                -0.010948610232584791
            ],
            [
                0.7693303612655918
            ]
        ],
        [
            [
                -0.6246589812397443
            ],
            [
                0.3185686680847943
            ],
            [
                0.22321490819390763
            ]
        ],
        [
            [
                -0.03869395567822771
            ],
            [
                -0.13494702767134542
            ],
            [
                1.1478224789503846
            ]
        ],
        [
            [
                -0.16172192188304552
            ],
            [
                0.4538865045763865
            ],
            [
                0.05871912698195343
            ]
        ],
        [
            [
                0.1603736941348922
            ],
            [
                0.5343120322068398
            ],
            [
                1.0692119171954058
            ]
        ],
        [
            [
                0.07058474733810034
            ],
            [
                0.4896449255477191
            ],
            [
                1.143016984464438
            ]
        ],
        [
            [
                -0.03393896835276068
            ],
            [
                0.595188101836036
            ],
            [
                1.1171458600574768
            ]
        ]
    ],
    "travec": [
        [
            [
                -5.568842393262382
            ],
            [
                -4.61126049562747
            ],
            [
                32.66965236007408
            ]
        ],
        [
            [
                12.87396883142392
            ],
            [
                -6.803624089133712
            ],
            [
                47.21486157316305
            ]
        ],
        [
            [
                4.920024509657827
            ],
            [
                -6.779977796295394
            ],
            [
                39.382540079781194
            ]
        ],
        [
            [
                1.0525045923077239
            ],
            [
                -6.1815898174411705
            ],
            [
                31.17497964581988
            ]
        ],
        [
            [
                -0.8894412552624434
            ],
            [
                -1.4617266931564432
            ],
            [
                48.34398725967563
            ]
        ],
        [
            [
                -8.31524645569013
            ],
            [
                -3.8730119243794516
            ],
            [
                34.27617184401471
            ]
        ],
        [
            [
                24.640581295070795
            ],
            [
                -9.195645935471575
            ],
            [
                61.48898333223384
            ]
        ],
        [
            [
                27.47378376333032
            ],
            [
                -14.106755087835982
            ],
            [
                56.021217352882864
            ]
        ],
        [
            [
                14.988850278588153
            ],
            [
                -10.036603921097338
            ],
            [
                46.186823303616926
            ]
        ],
        [
            [
                11.799259910561153
            ],
            [
                -9.67946659345557
            ],
            [
                41.194689583236986
            ]
        ]
    ]
}