{
    "matrix": [
        [
            902.4579425751115,
            0.0,
            658.535854418995
        ],
        [
            0.0,
            902.752811769679,
            399.8192221733275
        ],
        [
            0.0,
            0.0,
            1.0
        ]
    ],
    "disto": [
        [
            0.04451920463707491,
            -0.05942837234963889,
            0.000555343796791827,
            0.000571409069532092,
            0.004315765836403742
        ]
    ],
    "rotvec": [
        [
            [
                0.13094295836437714
            ],
            [
                0.022586439418668378
            ],
            [
                0.0593809098893573
            ]
        ],
        [
            [
                -0.2781999431889881
            ],
            [
                -0.03583577302850341
            ],
            [
                0.0642248933777566
            ]
        ],
        [
            [
                0.856605064984982
            ],
            [
                -0.040070626879586575
            ],
            [
                0.1513222730804355
            ]
        ],
        [
            [
                0.5071530302237259
            ],
            [
                0.020285527609627832
            ],
            [
                0.12380807517198325
            ]
        ],
        [
            [
                0.44225260035031677
            ],
            [
                0.08622585712951472
            ],
            [
                0.24007451697678664
            ]
        ],
        [
            [
                0.15749971416256484
            ],
            [
                0.03373055044107321
            ],
            [
                0.12640861137204132
            ]
        ],
        [
            [
                0.08123985127444723
            ],
            [
                0.0375068800996855
            ],
            [
                0.10936137307519786
            ]
        ],
        [
            [
                -0.049734951750124774
            ],
            [
                -0.09440423224403181
            ],
            [
                1.573196122857831
            ]
        ],
        [
            [
                -0.08768170211802481
            ],
            [
                -0.2060075133205408
            ],
            [
                -0.04366843819167845
            ]
        ],
        [
            [
                -0.1992534704891681
            ],
            [
                -0.09324487493732513
            ],
            [
                1.5278023531049396
            ]
        ],
        [
            [
                -0.5479283863511881
            ],
            [
                -0.1510095281026404
            ],
            [
                -0.0891260617964366
            ]
        ],
        [
            [
                0.6001114535097982
            ],
            [
                -0.17332322133157618
            ],
            [
                0.0625303602126354
            ]
        ],
        [
            [
                0.5669028721827565
            ],
            [
                0.014932549251552194
            ],
            [
                0.12262135261642884
            ]
        ],
        [
            [
                -0.6251224938791666
            ],
            [
                -0.14010696760204655
            ],
            [
                -0.04340762626476061
            ]
        ],
        [
            [
                0.6816969173872202
            ],
            [
                0.44480974309700944
            ],
            [
                1.551768023555769
            ]
        ],
        [
            [
                0.11269126791998955
            ],
            [
                -1.1058874057161556
            ],
            [
                -0.15433798846311073
            ]
        ],
        [
            [
                0.13430499450082378
            ],
            [
                -1.0236034710417008
            ],
            [
                -0.11095389888766591
            ]
        ],
        [
            [
                -0.5603175595502305
            ],
            [
                -0.5204116133643352
            ],
            [
                -0.300022753061465
            ]
        ],
        [
            [
                0.7118989343264327
            ],
            [
                -0.18232821478724526
            ],
            [
                1.2918906854109076
            ]
        ],
        [
            [
                -0.5730427944060451
            ],
            [
                0.10844581193147478
            ],
            [
                0.055837833781132
            ]
        ]
    ],