{
    "matrix": [
        [
            901.5806929382755,
            0.0,
            665.037449713506
        ],
        [
            0.0,
            900.0953360406487,
            404.6148416127971
        ],
        [
            0.0,
            0.0,
            1.0
        ]
    ],
    "disto": [
        [
            0.02289536776459786,
            0.13045067551705247,
            0.0008607267028461821,
            0.0021163418234932323,
            -0.3950193499102487
        ]
    ],
    "rmse_reprojection_error": 1.1763265159684002
}