{
    "matrix": [
        [
            900.2468957462735,
            0.0,
            590.7305567932211
        ],
        [
            0.0,
            899.7327545226501,
            401.06333391850166
        ],
        [
            0.0,
            0.0,
            1.0
        ]
    ],
    "disto": [
        [
            0.05361043325027495,
            -0.07934581640509732,
            -0.0006496561287903331,
            -0.00011068320873551903,
            0.031419432460720605
        ]
    ],
    "rotvec": [
        [
            [
                0.12573620059390622
            ],
            [
                0.048402887805730085
            ],
            [
                0.10970842401217987
            ]
        ],
        [
            [
                0.0736199497492176
            ],
            [
                0.05247366108828319
            ],
            [
                0.13242422848357682
            ]
        ],
        [
            [
                0.1885348628503481
            ],
            [
                0.11708476825564065
            ],
            [
                0.14253818514143857
            ]
        ],
        [
            [
                0.0671124530229739
            ],
            [
                0.07975807222063411
            ],
            [
                0.18104700929951195
            ]
        ],
        [
            [
                0.10514319584082567
            ],
            [
                0.1328020327481282
            ],
            [
                0.22492650479397408
            ]
        ],
        [
            [
                0.19043869141242106
            ],
            [
                0.1322815995338617
            ],
            [
                0.18017797290355658
            ]
        ],
        [
            [
                0.17610339473367928
            ],
            [
                0.16476639992637684
            ],
            [
                0.1659910457266232
            ]
        ],
        [
            [
                0.25721013142515675
            ],
            [
                0.07490875098872446
            ],
            [
                0.04418862626245342
            ]
        ],
        [
            [
                0.2302493983164956
            ],
            [
                -0.03074953244605702
            ],
            [
                0.06654369088793145
            ]
        ],
        [
            [
                0.21443380011321592
            ],
            [
                -0.05780229902606189
            ],
            [
                0.09496375856540369
            ]
        ],
        [
            [
                0.16572566760437
            ],
            [
                -0.0921694667633039
            ],
            [
                0.08521037477801857
            ]
        ],
        [
            [
                0.28844666834897553
            ],
            [
                -0.05800433944971366
            ],
            [
                0.04691460983755658
            ]
        ],
        [
            [
                -0.11177866016711133
            ],
            [
                0.05829279822452803
            ],
            [
                0.11256924345038986
            ]
        ],
        [
            [
                0.18167451608804802
            ],
            [
                0.7675270223382905
            ],
            [
                0.2146757893488948
            ]
        ],
        [
            [
                0.2932014193049436
            ],
            [
                -0.6716646845917369
            ],
            [
                -0.043998528971881654
            ]
        ],
        [
            [
                -0.3132806947537425
            ],
            [
                -0.17260911733193926
            ],
            [
                0.09606450674141626
            ]
        ],
        [
            [
                0.08171607874982871
            ],
            [
                1.003965765361274
            ],
            [
                0.31722079495239286
            ]
        ],
        [
            [
                0.8044497212284639
            ],
            [
                0.2655342815115243
            ],
            [
                0.13201882899852174
            ]
        ],
        [
            [
                -0.2129257482980303
            ],
            [
                -0.36620632668793646
            ],
            [
                -0.13138538617891765
            ]
        ],
        [
            [
                -0.44098723960818825
            ],
            [
                -0.8546050928097505
            ],
            [
                1.1716533193859011
            ]
        ]
    ],