{
    "matrix": [
        [
            902.9511366962231,
            0.0,
            621.3133670530679
        ],
        [
            0.0,
            903.5279730616744,
            381.137449165267
        ],
        [
            0.0,
            0.0,
            1.0
        ]
    ],
    "disto": [
        [
            0.04475065270216781,
            -0.02681319300814119,
            -9.444116181722802e-05,
            -0.0010160684602421863,
            -0.07565949219768925
        ]
    ],
    "rotvec": [
        [
            [
                0.09742583848022081
            ],
            [
                -0.08869746577654075
            ],
            [
                1.3801275604501728
            ]
        ],
        [
            [
                0.006559386537858619
            ],
            [
                0.028409867320839173
            ],
            [
                0.577106157436643
            ]
        ],
        [
            [
                -0.011872034630690302
            ],
            [
                0.9316478677488818
            ],
            [
                0.22763851917268635
            ]
        ],
        [
            [
                0.5317867889490513
            ],
            [
                -0.3739655402579289
            ],
            [
                0.7629661892998046
            ]
        ],
        [
            [
                0.10776290144105267
            ],
            [
                -0.6905878852286904
            ],
            [
                0.023935725341140378
            ]
        ],
        [
            [
                -0.16742285783490599
            ],
            [
                -0.11331811160316396
            ],
            [
                1.4618603535187662
            ]
        ],
        [
            [
                -0.016639909954672853
            ],
            [
                0.004591693714703197
            ],
            [
                1.453429955863088
            ]
        ],
        [
            [
                0.3517669622615088
            ],
            [
                0.16870150611932055
            ],
            [
                1.4829807383031814
            ]
        ],
        [
            [
                0.28459072825939524
            ],
            [
                0.6573776363643243
            ],
            [
                -1.5398227534907778
            ]
        ],
        [
            [
                0.28375657014859573
            ],
            [
                0.05472193989804979
            ],
            [
                1.4324012356149374
            ]
        ]
    ],
    "travec": [
        [
            [
                0.023873871305288577
            ],
            [
                -0.9249827944292389
            ],
            [
                25.202292277435028
            ]
        ],
        [
            [
                -3.3528246784535156
            ],
            [
                -1.7238799469183186
            ],
            [
                25.238055579706153
            ]
        ],
        [
            [
                5.960344615223871
            ],
            [
                2.851891801872165
            ],
            [
                36.412930951084284
            ]
        ],
        [
            [
                -4.603755038383165
            ],
            [
                -5.1158177171528925
            ],
            [
                24.153023043711432
            ]
        ],
        [
            [
                -3.5542717719217825
            ],
            [
                -3.152397655825195
            ],
            [
                22.395219813825644
            ]
        ],
        [
            [
                -11.508761409225347
            ],
            [
                1.5474671725730649
            ],
            [
                32.6474710836175
            ]
        ],
        [
            [
                -10.618279203350998
            ],
            [
                -10.457214667760553
            ],
            [
                36.637588355633554
            ]
        ],
        [
            [
                19.217064855202814
            ],
            [
                -5.826649044282965
            ],
            [
                40.784946466602285
            ]
        ],
        [
            [
                2.5338106690490587
            ],
            [
                -2.0027484546425063
            ],
            [
                38.3694520759319
            ]
        ],
        [
            [
                16.38171274881189
            ],
            [
                1.6937812409587596
            ],
            [
                31.637359218780816
            ]
        ]
    ]
}