{
    "matrix": [
        [
            902.9544765278488,
            0.0,
            602.8438956288253
        ],
        [
            0.0,
            903.1552755045041,
            378.64926199216416
        ],
        [
            0.0,
            0.0,
            1.0
        ]
    ],
    "disto": [
        [
            0.05679151042992389,
            -0.10313078299217655,
            -0.0005702183280806247,
            -0.0014158340534813324,
            0.04967767333853022
        ]
    ],
    "rotvec": [
        [
            [
                -0.04005967859297828
            ],
            [
                -0.15589720527489845
            ],
            [
                0.07139356304754432
            ]
        ],
        [
            [
                -0.149657797585308
            ],
            [
                0.4849909854107659
            ],
            [
                1.1899887400512879
            ]
        ],
        [
            [
                0.45922136419356563
            ],
            [
                0.18072982808187618
            ],
            [
                0.16445564715626956
            ]
        ],
        [
            [
                0.3810835837930804
            ],
            [
                -0.16516284078993065
            ],
            [
                0.3177649352966082
            ]
        ],
        [
            [
                0.06164456207653488
            ],
            [
                0.28734949247292924
            ],
            [
                0.08947542169708618
            ]
        ],
        [
            [
                -0.14869858205048256
            ],
            [
                -0.08797029584635138
            ],
            [
                1.3670890088034229
            ]
        ],
        [
            [
                -0.17670135034710094
            ],
            [
                -0.2150864074892778
            ],
            [
                -0.06335718734252978
            ]
        ],
        [
            [
                -0.024801451979287067
            ],
            [
                -0.11635561789451496
            ],
            [
                -0.027218520353863743
            ]
        ],
        [
            [
                -0.4865864789388348
            ],
            [
                -0.08623581452189193
            ],
            [
                1.4378566598572229
            ]
        ],
        [
            [
                -0.5735794478330704
            ],
            [
                0.48339979708779607
            ],
            [
                2.9252737278354455
            ]
        ]
    ],
    "travec": [
        [
            [
                -5.7447469821961255
            ],
            [
                -7.076094462606249
            ],
            [
                27.99051629801795
            ]
        ],
        [
            [
                11.786068020274683
            ],
            [
                -1.2888626706292228
            ],
            [
                36.42907685748028
            ]
        ],
        [
            [
                -6.599357015623626
            ],
            [
                -7.979218330365052
            ],
            [
                25.106809889370254
            ]
        ],
        [
            [
                15.087837163767546
            ],
            [
                -10.794280247680822
            ],
            [
                32.909897407545806
            ]
        ],
        [
            [
                -11.112239335999632
            ],
            [
                -0.4941920021585353
            ],
            [
                23.99619521993813
            ]
        ],
        [
            [
                8.95066739251379
            ],
            [
                -6.127594277280914
            ],
            [
                29.867497599652687
            ]
        ],
        [
            [
                7.840779943600246
            ],
            [
                -9.547416594431116
            ],
            [
                31.43226156595088
            ]
        ],
        [
            [
                -10.680026427557952
            ],
            [
                -3.8225925660870037
            ],
            [
                23.866999143435756
            ]
        ],
        [
            [
                7.1096515293625515
            ],
            [
                1.9800276074233334
            ],
            [
                31.43615437638
            ]
        ],
        [
            [
                9.618344607988117
            ],
            [
                8.05212676581657
            ],
            [
                30.978997494740415
            ]
        ]
    ]
}