{
    "matrix": [
        [917.0094491022239,
        0.0,
        652.3450820813218],
        [0.0,
        914.3553768894731,
        408.97498710804115],
        [0.0,
        0.0,
        1.0]
    ],
    "disto": [
        [
            0.03159137506915934,
            -0.0585238414990375,
            0.0002185179214834509,
            -0.00114991507360287,
            0.03083253188579016
        ]
    ],
    "rotvec": [
        [
            [
                -0.1933838246261817
            ],
            [
                -0.34310791818230907
            ],
            [
                0.19927205230635514
            ]
        ],
        [
            [
                0.12773709916128637
            ],
            [
                -0.3987328534836787
            ],
            [
                0.2537217236298619
            ]
        ],
        [
            [
                0.18217514404825683
            ],
            [
                -0.3849607854090104
            ],
            [
                0.31643656166917633
            ]
        ],
        [
            [
                0.024170169775366228
            ],
            [
                -0.4375479284071456
            ],
            [
                0.5724319562601778
            ]
        ],
        [
            [
                0.025331765795088813
            ],
            [
                -0.13783599288298296
            ],
            [
                0.30350643370721686
            ]
        ],
        [
            [
                0.035303053465850644
            ],
            [
                -0.08171881119921474
            ],
            [
                -0.10346391888090777
            ]
        ],
        [
            [
                -0.023367138094582414
            ],
            [
                -0.4270669002155132
            ],
            [
                1.4395171920299608
            ]
        ],
        [
            [
                0.7230533323485064
            ],
            [
                -0.4023771713980462
            ],
            [
                0.06281795555329227
            ]
        ],
        [
            [
                -0.09344334003026956
            ],
            [
                -0.04801647324612281
            ],
            [
                0.6043663986422969
            ]
        ],
        [
            [
                0.22281814182829737
            ],
            [
                -0.23896459772800024
            ],
            [
                0.4840931729612708
            ]
        ],
        [
            [
                0.35798621884784254
            ],
            [
                -0.7888019430154805
            ],
            [
                0.4491753717187947
            ]
        ],
        [
            [
                0.41599655443600325
            ],
            [
                -0.04390040759777403
            ],
            [
                0.24043849792620506
            ]
        ],
        [
            [
                0.359497873557274
            ],
            [
                -0.012515212866251558
            ],
            [
                0.3041675052173167
            ]
        ],
        [
            [
                0.22492869816126418
            ],
            [
                -0.09970844402573287
            ],
            [
                0.597431069985714
            ]
        ],
        [
            [
                0.2883831002354667
            ],
            [
                -0.09467872730963194
            ],
            [
                0.15700499980816168
            ]
        ],
        [
            [
                0.2838444180145635
            ],
            [
                -0.24677206644925131
            ],
            [
                0.2062234937411335
            ]
        ],
        [
            [
                0.4391647457484372
            ],
            [
                -0.6555493127376245
            ],
            [
                0.24935870224791798
            ]
        ],
        [
            [
                0.33796511001398144
            ],
            [
                0.376908635900715
            ],
            [
                0.28752353376680767
            ]
        ],
        [
            [
                -0.05729046812033692
            ],
            [
                0.0689933374508927
            ],
            [
                0.519809062298099
            ]
        ],
        [
            [
                0.07470068313912064
            ],
            [
                -0.5682434798427991
            ],
            [
                0.35478373374679373
            ]
        ]
    ],