{
    "matrix": [
        [
            906.9469617337173,
            0.0,
            633.7173664330262
        ],
        [
            0.0,
            906.6552310805866,
            388.5673450360419
        ],
        [
            0.0,
            0.0,
            1.0
        ]
    ],
    "disto": [
        [
            0.05286170536124536,
            -0.0806362435530544,
            -0.0010769745615945565,
            0.002808703983149854,
            0.041458065016268524
        ]
    ],
	
	"rotvec": [
        [
            [
                0.5002075482053684
            ],
            [
                0.8403188633343144
            ],
            [
                -1.4602574559354768
            ]
        ],
        [
            [
                -0.2856198052092015
            ],
            [
                1.0615355863811904
            ],
            [
                2.8226879528719517
            ]
        ],
        [
            [
                -0.24984055624384646
            ],
            [
                -0.04465713439678442
            ],
            [
                2.234977166206934
            ]
        ],
        [
            [
                0.8406334647507702
            ],
            [
                0.10716370936184876
            ],
            [
                -2.915120645374567
            ]
        ],
        [
            [
                -0.7817585389485056
            ],
            [
                -0.5221239396000057
            ],
            [
                -2.447907398077567
            ]
        ],
        [
            [
                0.6522122550120668
            ],
            [
                -0.6018026961974718
            ],
            [
                2.4964352618073904
            ]
        ],
        [
            [
                0.17445626300871536
            ],
            [
                -0.2413740899572361
            ],
            [
                -0.632225446131098
            ]
        ],
        [
            [
                -0.10709036434282558
            ],
            [
                -0.02841871418291445
            ],
            [
                -1.6264074581791104
            ]
        ],
        [
            [
                -0.7393306357619305
            ],
            [
                -0.25578296605090484
            ],
            [
                -2.4159295146310273
            ]
        ],
        [
            [
                1.1546405670798232
            ],
            [
                -0.23760508732330582
            ],
            [
                -2.802311083585786
            ]
        ]
    ],
    "travec": [
        [
            [
                -11.248153614067478
            ],
            [
                -6.016290780440894
            ],
            [
                46.677769171585304
            ]
        ],
        [
            [
                7.269681422122852
            ],
            [
                10.40295008912432
            ],
            [
                42.12656146751957
            ]
        ],
        [
            [
                12.717354104600501
            ],
            [
                -14.64121124659038
            ],
            [
                45.230561761186145
            ]
        ],
        [
            [
                4.968605229295232
            ],
            [
                6.082772880082381
            ],
            [
                30.641040153872257
            ]
        ],
        [
            [
                0.18323372364068485
            ],
            [
                9.860129553092303
            ],
            [
                42.41026379022753
            ]
        ],
        [
            [
                10.161588470941235
            ],
            [
                -4.369281603800315
            ],
            [
                37.454543329830344
            ]
        ],
        [
            [
                -8.311866898683379
            ],
            [
                -5.937344805142327
            ],
            [
                45.46887779951244
            ]
        ],
        [
            [
                -13.55471976380222
            ],
            [
                15.90197772261536
            ],
            [
                54.59705329434597
            ]
        ],
        [
            [
                -2.383511899071422
            ],
            [
                -3.9770387322467458
            ],
            [
                40.48684588630682
            ]
        ],
        [
            [
                2.7729881858624563
            ],
            [
                10.626274520732455
            ],
            [
                48.57835992286259
            ]
        ]
    ],
    "rotation": [
        [
            0.0,
            0.0,
            1.0
        ],
        [
            -1.0,
            0.0,
            0.0
        ],
        [
            0.0,
            -1.0,
            0.0
        ]
    ],
    "offset": [
        0.0,
        0.0,
        0.0
    ]
}
