{
    "matrix": [
        [
            906.6892710894035,
            0.0,
            572.249685419386
        ],
        [
            0.0,
            903.7393611717383,
            389.2268980894653
        ],
        [
            0.0,
            0.0,
            1.0
        ]
    ],
    "disto": [
        [
            0.039891177800480127,
            -0.04155263865187066,
            0.0036873132536766533,
            -0.010294601039359107,
            -0.020072100089407616
        ]
    ],
    "rotvec": [
        [
            [
                0.4540439457150351
            ],
            [
                0.0489074981646604
            ],
            [
                1.2630852505174408
            ]
        ],
        [
            [
                0.654074215478862
            ],
            [
                0.20664837791509072
            ],
            [
                1.2367887312500796
            ]
        ],
        [
            [
                0.6608825236151651
            ],
            [
                -0.22265276588939578
            ],
            [
                0.23181586223087705
            ]
        ],
        [
            [
                0.3754805461114137
            ],
            [
                0.054406582313862445
            ],
            [
                0.037413930421160604
            ]
        ],
        [
            [
                0.41932144050951786
            ],
            [
                0.2012515846159027
            ],
            [
                0.030021677692304412
            ]
        ],
        [
            [
                -0.2951684652040683
            ],
            [
                -0.1777593437358189
            ],
            [
                2.9348183661756613
            ]
        ],
        [
            [
                0.10853889849212693
            ],
            [
                -0.4296951888785395
            ],
            [
                0.6423666030219473
            ]
        ],
        [
            [
                -0.3861822995880912
            ],
            [
                -0.03158622535348592
            ],
            [
                1.4758150710335984
            ]
        ],
        [
            [
                0.09376164218058684
            ],
            [
                -0.3485692396488175
            ],
            [
                1.2045051910160725
            ]
        ],
        [
            [
                0.05726977851764449
            ],
            [
                -0.2989526794838706
            ],
            [
                1.271029500721671
            ]
        ]
    ],
    "travec": [
        [
            [
                2.9785410207848466
            ],
            [
                -2.334414082734791
            ],
            [
                24.290440594087414
            ]
        ],
        [
            [
                -0.687537626593638
            ],
            [
                -2.4571301570990194
            ],
            [
                36.83386726614248
            ]
        ],
        [
            [
                -15.413817102349274
            ],
            [
                -7.585307410004129
            ],
            [
                28.860071565858888
            ]
        ],
        [
            [
                3.1650026555342876
            ],
            [
                -2.3339261072346646
            ],
            [
                48.12162702655335
            ]
        ],
        [
            [
                -14.51048033427037
            ],
            [
                12.317584916465885
            ],
            [
                40.365813121260025
            ]
        ],
        [
            [
                24.85674528355413
            ],
            [
                -9.88235068754236
            ],
            [
                61.08545552858677
            ]
        ],
        [
            [
                6.196862214547173
            ],
            [
                -11.056401405806058
            ],
            [
                40.64198122844506
            ]
        ],
        [
            [
                8.207855368642518
            ],
            [
                2.0181550679992064
            ],
            [
                27.448286841494006
            ]
        ],
        [
            [
                10.351489254416748
            ],
            [
                -7.743074864232735
            ],
            [
                38.0550293142398
            ]
        ],
        [
            [
                9.474021946040711
            ],
            [
                -7.2090624212946866
            ],
            [
                42.55641624764878
            ]
        ]
    ]
}