{
    "matrix": [
        [
            921.5230938223177,
            0.0,
            660.1717528971815
        ],
        [
            0.0,
            920.5040744775484,
            423.1514252175409
        ],
        [
            0.0,
            0.0,
            1.0
        ]
    ],
    "disto": [
        [
            0.05699331506386098,
            -0.1120063898238517,
            -0.001307926927382922,
            0.0036022995423420434,
            0.05448299619054244
        ]
    ],
    "rmse_reprojection_error": 0.19280351770306103
}