{
    "rotation": [
        [
            0.7071068,
            0.0,
            0.7071068
        ],
        [
            -0.707107,
            0.0,
            0.7071068
        ],
        [
            0.0,
            -1.0,
            0.0
        ]
    ],
    "offset": [
        -0.3048,
        0.3429,
        0.2159
    ]
}
