{
    "rotation": [
        [
            0.0,
            -0.3746066,
            -0.9271839
        ],
        [
            1.0,
            0.0,
            0.0
        ],
        [
            0.0,
            -0.9271839,
            0.3746066
        ]
    ],
        "offset": [
        0.0508,
        0.3175,
        0.3937
    ]
}
