{
    "rotation":  [
        [
            0.5,
            -0.0,
            0.866025
        ],
        [
            -0.866025,
            0.0,
            0.5
        ],
        [
            -0.0,
            -1.0,
            0.0
        ]
    ],
    "offset": [
        -0.311,
        0.311,
        0.2159
    ]
}
