{
    "rotation": [
        [
            -0.018342308700084686,
            -0.38502153754234314,
            -0.922725260257721
        ],
        [
            0.9998031258583069,
            -7.67350138630718e-05,
            -0.019842475652694702
        ],
        [
            0.007568974979221821,
            -0.9229075908660889,
            0.38494712114334106
        ]
    ],
    "offset": [
        0.02655547298491001,
        -0.3144337236881256,
        0.27332666516304016
    ]
}
