{
    "rotation": [
        [
            0.018362795934081078,
            -0.3969206213951111,
            -0.9176692366600037
        ],
        [
            0.9998015761375427,
            0.00019763408636208624,
            0.019920799881219864
        ],
        [
            -0.007725613657385111,
            -0.9178529381752014,
            0.3968454897403717
        ]
    ],
    "offset": [
        0.09344450384378433,
        0.3054337203502655,
        0.388673335313797
    ]
}